"session_id","trial_id","label","variant","packet_count","total_bytes","uplink_packets","downlink_packets","uplink_bytes","downlink_bytes","uplink_ratio","mean_packet_size","std_packet_size","min_packet_size","max_packet_size","mean_iat","std_iat","max_iat","traffic_duration","first_packet_delay","tcp_packet_count","udp_packet_count","burst_count","max_burst_packets","direction_changes"
"S001","S001_T029","photo","100KB","50","60131","18","32","57987","2144","0.36","1202.62","3815.398626041583","54","16460","0.2704540205001831","0.804997696583803","4.608006477355957","13.522701025009155","1.3342230319976807","50","0","6","26","28"
"S001","S001_T022","text","1000_chars","67","34936","27","40","23779","11157","0.40298507462686567","521.4328358208955","1441.060650260002","54","7881","0.20404992174746386","0.8700317146191416","6.608830690383911","13.671344757080078","0.06572866439819336","67","0","5","32","32"
"S001","S001_T052","text","1000_chars","91","42627","48","43","19440","23187","0.5274725274725275","468.42857142857144","1107.5199712222802","54","7897","0.1482060086596143","0.49076549045355156","2.8158504962921143","13.486746788024902","0.8278028964996338","81","10","5","64","52"
"S001","S001_T018","photo","1MB","70","64320","30","40","55235","9085","0.42857142857142855","918.8571428571429","2933.821507306587","54","16460","0.19567578179495676","0.9256590677787976","7.3471081256866455","13.697304725646973","0.9237971305847168","36","34","5","34","28"
"S001","S001_T039","text","100_chars","14","3280","7","7","2813","467","0.5","234.28571428571428","625.7626693622328","54","2489","0.7433172804968697","1.9169383745607724","7.351255416870117","10.406441926956177","0.8147366046905518","14","0","3","6","10"
"S001","S001_T003","text","100_chars","45","7910","22","23","5695","2215","0.4888888888888889","175.77777777777777","405.62872399325346","54","2505","0.24580894576178658","0.729263966507106","4.238897323608398","11.061402559280396","0.7449464797973633","45","0","5","26","28"
"S001","S001_T057","text","100_chars","17","3619","8","9","2962","657","0.47058823529411764","212.88235294117646","573.9002662230905","54","2505","0.6669356822967529","1.5050700416421283","6.071210145950317","11.3379065990448","0.7284080982208252","17","0","4","7","14"
"S001","S001_T040","text","1000_chars","96","96852","49","47","78584","18268","0.5104166666666666","1008.875","3769.1274113126415","54","30164","0.11496940751870473","0.3900323738853973","2.2695939540863037","11.037063121795654","0.06319451332092285","86","10","6","43","48"
"S001","S001_T031","text","1_char","404","365969","188","216","44245","321724","0.46534653465346537","905.8638613861386","2100.209802999403","54","19906","0.03532663725390293","0.295782574206504","4.853102207183838","14.271961450576782","0.6889209747314453","336","68","6","248","163"
"S001","S001_T042","photo","1MB","86","71259","41","45","58558","12701","0.47674418604651164","828.5930232558139","2661.398519304461","54","16460","0.16249856283498365","0.4752638542884612","2.815676689147949","13.974876403808594","0.4791438579559326","40","46","8","48","49"
"S001","S001_T002","text","10_chars","51","17346","25","26","6043","11303","0.49019607843137253","340.11764705882354","1206.3577599463185","54","8562","0.22396600480173148","0.5576174321285007","2.3037877082824707","11.422266244888306","0.825188398361206","51","0","6","29","36"
"S001","S001_T060","photo","1MB","43","45606","18","25","43856","1750","0.4186046511627907","1060.6046511627908","3709.2203539823527","54","16460","0.33650284035261285","0.7212865126442699","3.4146728515625","14.469622135162354","0.33764219284057617","43","0","7","23","27"
"S001","S001_T023","photo","100KB","91","82104","42","49","70261","11843","0.46153846153846156","902.2417582417582","2983.1754500412435","54","16460","0.13933291802039513","0.5529137500864549","3.2932686805725098","12.679295539855957","0.46184206008911133","47","44","5","79","42"
"S001","S001_T028","text","1000_chars","22","9746","10","12","8616","1130","0.45454545454545453","443.0","1627.5401684751132","54","7897","0.4691003452647816","0.8877757916065725","3.255133628845215","10.320207595825195","0.9024410247802734","22","0","6","7","16"
"S001","S001_T001","text","1_char","72","24504","34","38","15212","9292","0.4722222222222222","340.3333333333333","504.76520944560616","54","1884","0.1900936696264479","0.6345403153020944","3.5238497257232666","13.686744213104248","0.8389086723327637","40","32","5","34","42"
"S001","S001_T055","text","1_char","16","3106","7","9","2367","739","0.4375","194.125","437.9461831949218","54","1884","0.6218771636486053","1.2097850505221903","3.454684019088745","9.950034618377686","0.7536876201629639","16","0","4","10","12"
"S001","S001_T046","text","1000_chars","22","13123","13","9","12384","739","0.5909090909090909","596.5","1642.029336190158","54","7897","0.5669196085496382","1.4503514419421655","6.9376702308654785","12.472231388092041","0.2687265872955322","16","6","4","12","11"
"S001","S001_T030","photo","1MB","33","45049","11","22","43420","1629","0.3333333333333333","1365.121212121212","4187.840122831641","54","16460","0.33228245648470794","0.7711748605508641","3.2551991939544678","10.965321063995361","1.3499469757080078","33","0","6","23","16"
"S001","S001_T033","text","100_chars","20","4127","8","12","3125","1002","0.4","206.35","525.3106961599012","54","2489","0.40982742309570314","0.8590967187559279","3.2551088333129883","8.196548461914062","0.8279397487640381","20","0","4","11","14"
"S001","S001_T053","photo","100KB","81","82811","32","49","69511","13300","0.3950617283950617","1022.358024691358","3142.444799238765","54","16460","0.15802384600227262","0.817279976655886","6.416812181472778","12.799931526184082","0.48059749603271484","42","39","4","66","32"
"S001","S001_T035","photo","100KB","81","82595","34","47","70877","11718","0.41975308641975306","1019.6913580246913","3146.651199122277","54","16460","0.14555810998987267","0.5460280019454217","3.912536144256592","11.790206909179688","1.1591384410858154","37","44","5","40","40"
"S001","S001_T015","text","100_chars","29","5475","11","18","3549","1926","0.3793103448275862","188.79310344827587","447.5728705308179","54","2521","0.3517504971602867","0.8047324456391951","3.912581443786621","10.200764417648315","0.8171358108520508","29","0","4","20","20"
"S001","S001_T011","photo","100KB","83","83097","35","48","71301","11796","0.42168674698795183","1001.1686746987951","3107.802779477353","54","16460","0.1563497566315065","0.7462539263498827","5.953109502792358","12.977029800415039","0.28528332710266113","44","39","4","75","36"
"S001","S001_T016","text","1000_chars","53","22746","23","30","14976","7770","0.4339622641509434","429.1698113207547","1116.1651283773494","54","7913","0.2596469780184188","0.882419283156037","4.475281000137329","13.761289834976196","0.9149327278137207","25","28","4","28","30"
"S001","S001_T017","photo","100KB","113","112904","45","68","96284","16620","0.39823008849557523","999.1504424778761","2830.592214908671","54","16460","0.09246225061669813","0.4096848231961389","3.461369276046753","10.44823431968689","1.1655597686767578","98","15","3","73","47"
"S001","S001_T058","text","1000_chars","31","15543","17","14","14386","1157","0.5483870967741935","501.38709677419354","1420.26748224545","54","7897","0.23710852284585276","0.46364111996455837","1.980745792388916","7.3503642082214355","0.08975076675415039","25","6","3","15","19"
"S001","S001_T059","photo","100KB","81","81440","34","47","69044","12396","0.41975308641975306","1005.4320987654321","3145.2185028348363","54","16460","0.16535169695630486","0.65683525194667","5.192562580108643","13.393487453460693","1.1658480167388916","34","47","6","38","38"
"S001","S001_T014","text","10_chars","16","3174","7","9","2435","739","0.4375","198.375","454.3475920206907","54","1952","0.7390688508749008","1.447656558661684","5.192547559738159","11.825101613998413","0.8088126182556152","16","0","4","10","12"
"S001","S001_T026","text","10_chars","16","3176","7","9","2437","739","0.4375","198.5","454.8300506782726","54","1954","0.7901399880647659","1.6204338067824782","5.0512001514434814","12.642239809036255","0.7919344902038574","16","0","4","10","12"
"S001","S001_T027","text","100_chars","16","3727","7","9","2988","739","0.4375","232.9375","587.8516467560077","54","2505","0.6598676294088364","1.534789006564675","5.192626714706421","10.557882070541382","0.8927707672119141","16","0","3","12","12"
"S001","S001_T043","text","1_char","19","3552","8","11","2479","1073","0.42105263157894735","186.94736842105263","400.3506980641387","54","1868","0.7025601989344546","1.5319684231295958","4.936543703079224","13.348643779754639","0.7675964832305908","19","0","4","10","14"
"S001","S001_T054","photo","1MB","30","46615","11","19","45272","1343","0.36666666666666664","1553.8333333333333","4364.31631211834","54","16460","0.35361979007720945","1.0401696244805296","5.192699670791626","10.608593702316284","1.1203734874725342","30","0","4","21","16"
"S001","S001_T032","text","10_chars","86","35867","41","45","19505","16362","0.47674418604651164","417.0581395348837","583.28688451143","54","3035","0.16446091685184214","0.6493260999957464","5.047155141830444","14.143638849258423","0.7582681179046631","42","44","7","33","44"
"S001","S001_T008","text","10_chars","17","3384","8","9","2501","883","0.47058823529411764","199.05882352941177","446.84942464380356","54","1971","0.6340186175178079","1.2589929337228547","4.741725444793701","10.778316497802734","0.8554856777191162","17","0","5","5","12"
"S001","S001_T036","photo","1MB","18","43921","8","10","43210","711","0.4444444444444444","2440.0555555555557","5444.715210103813","54","16460","0.558975961473253","1.4925852954261711","6.220710754394531","10.061567306518555","0.3000774383544922","18","0","3","11","9"
"S001","S001_T047","photo","100KB","167","93070","76","91","76218","16852","0.4550898203592814","557.3053892215569","2235.865580655817","54","16460","0.07625871789669562","0.45234017856692615","4.728027820587158","12.735205888748169","0.2764461040496826","123","44","5","154","110"
"S001","S001_T037","text","1_char","127","39762","57","70","18145","21617","0.44881889763779526","313.0866141732283","674.9128613760008","54","3167","0.11058406942472683","0.478937622082373","3.8397083282470703","14.044176816940308","0.8070547580718994","125","2","5","113","70"
"S001","S001_T010","text","1000_chars","59","27765","28","31","19016","8749","0.4745762711864407","470.59322033898303","1083.765455873118","54","7913","0.2220766180652683","0.734693823192636","3.774641990661621","13.10252046585083","0.8856983184814453","27","32","5","32","32"
"S001","S001_T049","text","1_char","18","3266","8","10","2456","810","0.4444444444444444","181.44444444444446","422.4441083638853","54","1916","0.8107237021128336","1.9934187154814131","8.191727876663208","14.593026638031006","0.3203299045562744","18","0","3","12","13"
"S001","S001_T005","photo","100KB","72","80963","35","37","71823","9140","0.4861111111111111","1124.486111111111","3318.217300805156","54","16460","0.17160218622949389","0.669790060891152","4.13538384437561","12.35535740852356","1.3818986415863037","39","33","4","46","30"
"S001","S001_T007","text","1_char","55","18667","25","30","10194","8473","0.45454545454545453","339.4","482.13225646836025","54","1868","0.19880002628673207","0.6152157235000206","3.90350604057312","10.934001445770264","0.9198441505432129","15","40","5","35","28"
"S001","S001_T056","text","10_chars","33","10239","16","17","6539","3700","0.48484848484848486","310.27272727272725","472.94680799810067","54","1933","0.3714097991134181","0.8870926651365323","4.6282665729522705","12.256523370742798","0.7934906482696533","23","10","6","10","20"
"S001","S001_T050","text","10_chars","13","2833","6","7","2284","549","0.46153846153846156","217.92307692307693","496.8924139146392","54","1935","0.9071795023404635","1.8412373011281038","6.7248334884643555","11.793333530426025","0.7765421867370605","13","0","4","4","10"
"S001","S001_T048","photo","1MB","23","44302","9","14","43291","1011","0.391304347826087","1926.1739130434783","4910.226025543851","54","16460","0.5227229076883068","1.5866686043786833","7.607055425643921","12.022626876831055","1.2386534214019775","23","0","4","11","12"
"S001","S001_T021","text","100_chars","13","3403","6","7","2854","549","0.46153846153846156","261.7692307692308","648.4954366539108","54","2505","0.7999800535348746","2.008718820005446","7.607181072235107","10.39974069595337","0.8749933242797852","13","0","3","5","10"
"S001","S001_T045","text","100_chars","27679","146801655","8510","19169","463037","146338618","0.30745330394884207","5303.7196069222155","10773.639019154578","54","62446","0.00047572838561961","0.044408436812103144","6.728771686553955","13.167685985565186","0.8891887664794922","27677","2","4","27663","6528"
"S001","S001_T051","text","100_chars","844","738177","417","427","226088","512089","0.4940758293838863","874.6172985781991","2094.027756673659","54","16566","0.01663472641135844","0.10280205389499975","1.9021902084350586","14.039709091186523","0.8275866508483887","808","36","3","804","422"
"S001","S001_T013","text","1_char","829","1495944","132","697","1389116","106828","0.15922798552472858","1804.5162846803378","7355.975718642438","54","62094","0.015888780103805414","0.16377170502648414","4.355925559997559","13.171798706054688","0.13521695137023926","825","4","3","790","151"
"S001","S001_T020","text","10_chars","130","54766","56","74","40345","14421","0.4307692307692308","421.2769230769231","980.8504788066058","54","4308","0.11449883901155912","0.2921235552918889","2.230877637863159","14.884849071502686","0.0171816349029541","128","2","3","98","74"
"S001","S001_T009","text","100_chars","139","22918","69","70","11413","11505","0.49640287769784175","164.87769784172662","352.98208445848485","54","2505","0.09427158094996171","0.22985079358292643","1.6882691383361816","13.103749752044678","0.9882616996765137","131","8","2","128","90"
"S001","S001_T006","photo","1MB","61","46437","29","32","44440","1997","0.47540983606557374","761.2622950819672","3150.8331705925348","54","16460","0.240490764868064","0.4570887208171976","2.230818510055542","14.669936656951904","0.15929603576660156","61","0","5","29","47"
"S001","S001_T038","text","10_chars","73","7834","41","32","5789","2045","0.5616438356164384","107.31506849315069","280.4157811552084","54","1952","0.1953983241564607","0.41742431616902553","1.8427679538726807","14.26407766342163","0.10083913803100586","73","0","6","28","49"
"S001","S001_T044","text","10_chars","95","21507","42","53","11355","10152","0.4421052631578947","226.38947368421051","368.392819369326","54","1933","0.07495890918530916","0.3795921762793698","3.4417712688446045","7.12109637260437","0.9705493450164795","68","27","3","58","68"
"S001","S001_T041","photo","100KB","22","57541","10","12","56623","918","0.45454545454545453","2615.5","5673.262984065134","54","16460","0.6029729518023405","2.3052446144011154","11.108978986740112","13.26540493965149","1.4697368144989014","22","0","3","16","12"
"S001","S001_T034","text","1000_chars","51","27280","24","27","18958","8322","0.47058823529411764","534.9019607843137","1152.4697989305992","54","7897","0.23279519174613206","1.0500556540071104","7.252752065658569","11.872554779052734","0.9152216911315918","18","33","4","37","25"
"S001","S001_T019","text","1_char","13","2798","6","7","2249","549","0.46153846153846156","215.23076923076923","487.58922715526626","54","1900","0.371520629295936","0.6647718574588841","2.1920149326324463","4.829768180847168","0.7647731304168701","13","0","3","5","10"
"S001","S001_T004","text","1000_chars","18","10425","8","10","9650","775","0.4444444444444444","579.1666666666666","1795.7334388303107","54","7881","0.6930044227176242","1.3225957708579579","4.81276798248291","12.474079608917236","1.0988259315490723","18","0","5","5","14"
"S001","S001_T012","photo","1MB","32","45006","12","20","43548","1458","0.375","1406.4375","4246.1453102895275","54","16460","0.3921142965555191","1.0140476185188465","4.500682830810547","12.547657489776611","1.3949685096740723","32","0","5","17","16"
"S001","S001_T024","photo","1MB","29","45035","12","17","43654","1381","0.41379310344827586","1552.9310344827586","4434.767489384188","54","16460","0.30247932466967353","0.7303627579955057","2.872488021850586","8.771900415420532","1.0796582698822021","29","0","5","19","14"
"S001","S001_T025","text","1_char","53","19337","25","28","7580","11757","0.4716981132075472","364.8490566037736","1201.6811399542523","54","8562","0.252211665207485","1.0749754043853033","7.711616516113281","13.367218255996704","0.8909249305725098","53","0","3","39","32"
"S001","S001_IDLE_001","idle","15s","19","1546","9","10","661","885","0.47368421052631576","81.36842105263158","41.10603813542647","54","161","0.60252719176443","0.8715754769218886","2.3967902660369873","11.44801664352417","0.0","19","0","6","6","15"
"S001","S001_IDLE_002","idle","15s","58","26423","32","26","16272","10151","0.5517241379310345","455.5689655172414","524.3408378233329","54","1292","0.19738284061694966","0.5645731202467064","2.4544668197631836","11.448204755783081","0.10472631454467773","10","48","6","35","29"
"S001","S001_IDLE_003","idle","15s","18","2364","9","9","652","1712","0.5","131.33333333333334","243.30844621590924","54","1125","0.7805040942298042","1.3837059667210698","5.227250099182129","14.049073696136475","0.2095177173614502","18","0","6","6","14"
"S001","S001_IDLE_004","idle","15s","57","31958","27","30","20563","11395","0.47368421052631576","560.6666666666666","1260.3846020279839","54","5726","0.22615356194345573","0.6832980558925531","4.737672805786133","12.890753030776978","0.3142435550689697","55","2","5","44","33"
"S001","S001_IDLE_005","idle","15s","12","1659","6","6","419","1240","0.5","138.25","252.14153598062074","54","970","1.0793875455856323","2.545399264958303","9.216062545776367","12.952650547027588","0.25841856002807617","12","0","4","6","9"
"S001","S001_IDLE_006","idle","15s","48","19016","24","24","10719","8297","0.5","396.1666666666667","503.63641537213016","54","1292","0.2651680459578832","0.9308153121939174","5.072248697280884","12.728066205978394","0.5237019062042236","14","34","5","34","25"
"S001","S001_IDLE_007","idle","15s","20","2821","11","9","1653","1168","0.55","141.05","187.6442045467965","54","899","0.6362045884132386","1.6744678152667762","7.448697805404663","12.72409176826477","0.6324284076690674","20","0","4","8","15"
"S001","S001_IDLE_008","idle","15s","13","862","7","6","526","336","0.5384615384615384","66.3076923076923","26.545706926224764","54","137","0.9790858855614295","1.425460203365501","4.584137916564941","12.728116512298584","0.7331826686859131","13","0","6","3","9"
"S001","S001_IDLE_009","idle","15s","12","790","7","5","448","342","0.5833333333333334","65.83333333333333","26.46328693786083","54","126","0.9208092292149862","1.8800558052110448","5.559071779251099","11.049710750579834","0.8379411697387695","12","0","3","8","9"
"S001","S001_IDLE_010","idle","15s","12","4328","9","3","4166","162","0.75","360.6666666666667","509.6790384371543","54","1285","0.8473423918088278","1.6116438210823287","4.607863664627075","10.168108701705933","0.942657470703125","6","6","3","8","5"
"S001","S001_IDLE_011","idle","15s","14","1112","8","6","572","540","0.5714285714285714","79.42857142857143","34.12103307285967","54","126","0.9454561301640102","1.5131062282030947","4.509117841720581","13.236385822296143","1.0473833084106445","14","0","5","5","11"
"S001","S001_IDLE_012","idle","15s","396","67195","286","110","47556","19639","0.7222222222222222","169.68434343434345","283.6375619034769","54","2806","0.02567659845255842","0.3124691674729806","5.559039115905762","10.167932987213135","1.1521646976470947","358","38","4","390","75"
"S001","S001_IDLE_013","idle","15s","9","682","4","5","313","369","0.4444444444444444","75.77777777777777","40.74521860913465","54","153","1.1297819879319932","1.8271446143308296","5.559116363525391","10.16803789138794","1.2568390369415283","9","0","4","3","7"
"S001","S001_IDLE_014","idle","15s","10","682","5","5","340","342","0.5","68.2","28.4035209085071","54","126","1.0167987585067748","1.7859607566887215","5.559286117553711","10.167987585067749","1.3615832328796387","10","0","4","4","7"
"S001","S001_IDLE_015","idle","15s","9","628","5","4","340","288","0.5555555555555556","69.77777777777777","29.521283387405536","54","126","1.1293247275882297","1.8320737941979532","5.555042266845703","10.163922548294067","1.4703936576843262","9","0","4","3","7"
"S001","S001_IDLE_016","idle","15s","37","17416","18","19","9796","7620","0.4864864864864865","470.7027027027027","538.136115849777","54","1292","0.3596712963001148","1.2316770043310783","5.559179306030273","13.307837963104248","1.5710735321044922","6","31","4","31","18"
"S001","S001_IDLE_017","idle","15s","15","1534","8","7","673","861","0.5333333333333333","102.26666666666667","83.25260089363908","54","381","0.7300371011098226","1.471379275467584","5.559096097946167","10.950556516647339","0.8932344913482666","15","0","4","6","12"
"S001","S001_IDLE_018","idle","15s","70","23789","37","33","11817","11972","0.5285714285714286","339.84285714285716","661.317270641694","54","3131","0.14525599820273263","0.5025078695138405","3.582973003387451","10.167919874191284","1.7805163860321045","62","8","3","54","37"
"S001","S001_IDLE_019","idle","15s","18","2537","9","9","767","1770","0.5","140.94444444444446","187.21243792435436","54","866","0.6971245341830783","1.2390613925394744","3.6476664543151855","12.54824161529541","1.889275312423706","18","0","5","6","14"
"S001","S001_IDLE_020","idle","15s","201","77327","121","80","32232","45095","0.6019900497512438","384.71144278606965","471.53362185079584","54","2890","0.044840627641820195","0.3380331144808637","4.6535046100616455","9.01296615600586","1.990022897720337","199","2","2","171","117"
"S002","S002_T001","text","10_chars","19","3544","8","11","2563","981","0.42105263157894735","186.52631578947367","418.4020187660179","54","1952","0.512892020376105","1.0751205513486148","4.472993612289429","9.744948387145996","0.8510587215423584","19","0","5","7","14"
"S002","S002_T002","text","1_char","16","3260","7","9","2377","883","0.4375","203.75","442.0373994358396","54","1900","0.8353062570095062","2.422974856972129","10.030917406082153","13.3649001121521","0.13320112228393555","16","0","3","11","12"
"S002","S002_T003","text","100_chars","60","33649","24","36","23008","10641","0.4","560.8166666666667","1299.0649905690718","54","5735","0.1768123984336853","0.6019237873176215","3.4669241905212402","10.608743906021118","0.7934954166412354","58","2","4","49","30"
"S002","S002_T004","text","10_chars","22","7252","14","8","6475","777","0.6363636363636364","329.6363636363636","535.2249777985927","54","1971","0.6074109402569857","1.977264511865242","9.52514123916626","13.363040685653687","0.8685579299926758","16","6","3","8","13"
"S002","S002_T005","text","100_chars","17","3691","8","9","2962","729","0.47058823529411764","217.11764705882354","572.977043206377","54","2505","0.5913988702437457","0.8572136674175449","2.4869349002838135","10.053780794143677","0.8875699043273926","17","0","6","4","14"
"S002","S002_T006","text","10_chars","48","6644","23","25","4119","2525","0.4791666666666667","138.41666666666666","268.2734016922951","54","1954","0.25571809709072113","1.2293857886523587","8.573254346847534","12.274468660354614","0.8826701641082764","48","0","2","28","31"
"S002","S002_T007","text","1000_chars","42","17797","19","23","11600","6197","0.4523809523809524","423.73809523809524","1277.150549717609","54","7929","0.33695834023611887","1.18722087632023","7.479979991912842","14.152250289916992","0.7791075706481934","40","2","4","23","23"
"S002","S002_T008","text","1000_chars","20","9497","9","11","8561","936","0.45","474.85","1703.203078760721","54","7897","0.24301823377609252","0.432463127793545","1.507394552230835","4.860364675521851","0.8168866634368896","20","0","3","11","14"
"S002","S002_T009","photo","100KB","62","77456","28","34","68739","8717","0.45161290322580644","1249.2903225806451","3556.4250099217147","54","16460","0.21673016394338301","0.8437781512611778","5.868285655975342","13.437270164489746","1.2420752048492432","29","33","6","33","29"
"S002","S002_T010","photo","1MB","34","45397","14","20","43806","1591","0.4117647058823529","1335.2058823529412","4128.033677896506","54","16460","0.35073497014887195","0.9756428555705396","4.880620956420898","11.924988985061646","1.245840072631836","34","0","6","14","21"
"S002","S002_T011","text","10_chars","54","18895","27","27","6829","12066","0.5","349.9074074074074","1001.8996266078665","54","7144","0.15352669468632452","0.593868925843471","4.195130348205566","8.290441513061523","0.8081388473510742","52","2","4","23","35"
"S002","S002_T012","text","100_chars","93","48221","46","47","18844","29377","0.4946236559139785","518.505376344086","980.719207494984","54","7144","0.15588010254726614","0.9401524757804182","8.87007212638855","14.496849536895752","0.03914928436279297","61","32","3","57","49"
"S002","S002_T013","text","100_chars","22","4113","10","12","3160","953","0.45454545454545453","186.95454545454547","510.8600126055463","54","2521","0.457267934625799","1.0310150918908658","4.7055277824401855","10.059894561767578","0.7957801818847656","22","0","5","6","19"
"S002","S002_T014","photo","1MB","44","50817","19","25","49196","1621","0.4318181818181818","1154.9318181818182","3660.033577824907","54","16460","0.32583828405900434","1.0637456839841473","6.697840213775635","14.336884498596191","0.45942234992980957","38","6","4","30","15"
"S002","S002_T015","photo","100KB","46","66872","22","24","61132","5740","0.4782608695652174","1453.7391304347825","4092.8647213900485","54","16460","0.31445234754811163","1.3696284959971603","9.257770538330078","14.464807987213135","0.3490755558013916","26","20","4","33","24"
"S002","S002_T016","text","100_chars","20","5593","10","10","3704","1889","0.5","279.65","583.0766909249589","54","2505","0.6350541949272156","1.7955568859666768","8.103644132614136","12.701083898544312","0.20323467254638672","20","0","4","11","14"
"S002","S002_T017","text","100_chars","42","16108","20","22","9173","6935","0.47619047619047616","383.5238095238095","557.554790734688","54","2489","0.19378952185312906","0.6020331951208537","3.175482988357544","8.139159917831421","0.8751001358032227","15","27","4","27","22"
"S002","S002_T018","text","1000_chars","16","9174","8","8","8397","777","0.5","573.375","1891.5875235830354","54","7897","0.624300166964531","1.5889240394353852","6.5710608959198","9.988802671432495","0.9245269298553467","16","0","3","8","14"
"S002","S002_T019","photo","100KB","113","107150","54","59","80887","26263","0.4778761061946903","948.2300884955753","2753.95432834942","54","16460","0.10782613163500761","0.5630249520862398","5.430821657180786","12.18435287475586","0.1083524227142334","79","34","3","74","44"
"S002","S002_T020","photo","100KB","25","57466","11","14","56531","935","0.44","2298.64","5391.350553469882","54","16460","0.389149808883667","1.1613184893119628","5.603811502456665","9.728745222091675","0.1273193359375","24","1","3","16","11"
"S002","S002_T021","photo","1MB","24","44229","11","13","43356","873","0.4583333333333333","1842.875","4826.012107255327","54","16460","0.5117413600285848","1.207439014238675","5.3759777545928955","12.281792640686035","1.4158647060394287","24","0","4","12","14"
"S002","S002_T022","text","10_chars","33","4587","15","18","3092","1495","0.45454545454545453","139.0","319.72563996102167","54","1935","0.3309270179632938","0.9788727917842127","5.3758392333984375","10.920591592788696","0.8635873794555664","33","0","4","18","24"
"S002","S002_T023","text","1000_chars","33","15234","18","15","14165","1069","0.5454545454545454","461.6363636363636","1379.8525353398263","54","7897","0.3866433230313388","0.9129598072723732","4.8306005001068115","12.75922966003418","0.7934212684631348","27","6","5","14","20"
"S002","S002_T024","photo","100KB","100","108533","40","60","94412","14121","0.4","1085.33","3002.031822133136","54","16460","0.10828931093215942","0.45673221975357314","3.798272132873535","10.828931093215942","1.3544228076934814","96","4","3","70","42"
"S002","S002_T025","photo","1MB","23","44443","10","13","43344","1099","0.43478260869565216","1932.304347826087","4908.078544026055","54","16460","0.5842015017633853","1.1337298427232223","4.352146863937378","13.436634540557861","0.8181867599487305","23","0","6","11","14"
"S002","S002_T026","photo","100KB","69","77424","32","37","68246","9178","0.463768115942029","1122.0869565217392","3389.507076895197","54","16460","0.15577653871066327","0.5363034012755341","3.55104398727417","10.748581171035767","0.3058433532714844","42","27","5","48","35"
"S002","S002_T027","photo","100KB","36","61887","16","20","60528","1359","0.4444444444444444","1719.0833333333333","4584.5413400482175","54","16460","0.3678102228376601","1.1593936095648583","6.375800132751465","13.241168022155762","1.3312127590179443","30","6","4","30","12"
"S002","S002_T028","text","1000_chars","18","11396","8","10","10621","775","0.4444444444444444","633.1111111111111","1835.4573420052527","54","7897","0.6440942022535536","1.7207473111479488","7.3178486824035645","11.593695640563965","0.9012296199798584","18","0","4","7","12"
"S002","S002_T029","text","1_char","62","34099","33","29","15551","18548","0.532258064516129","549.983870967742","1143.9449497799058","54","8562","0.16483391484906595","0.607387624239016","3.5838510990142822","10.21970272064209","0.890064001083374","31","31","5","33","34"
"S002","S002_T030","photo","100KB","93","81919","44","49","63900","18019","0.4731182795698925","880.8494623655914","3076.098688050945","54","16460","0.14144589311333114","0.5162145683246349","3.0898053646087646","13.154468059539795","1.2872908115386963","89","4","7","55","51"
"S002","S002_T031","photo","1MB","77","74586","39","38","62358","12228","0.5064935064935064","968.6493506493506","2793.759826462204","54","16460","0.17994995860310345","0.6542309731447389","4.555357933044434","13.856146812438965","0.4936811923980713","25","52","5","51","34"
"S002","S002_T032","text","1_char","42","7049","16","26","3644","3405","0.38095238095238093","167.83333333333334","293.4375017960681","54","1904","0.3236622242700486","0.8035099176777668","3.4006967544555664","13.593813419342041","0.8943538665771484","42","0","7","26","30"
"S002","S002_T033","text","1_char","27","5631","12","15","4415","1216","0.4444444444444444","208.55555555555554","458.3037431525672","54","1920","0.2707266719252975","0.5021459065910443","1.9137234687805176","7.309620141983032","0.09423208236694336","27","0","4","13","18"
"S002","S002_T034","text","1_char","18","3252","8","10","2430","822","0.4444444444444444","180.66666666666666","415.84211747569134","54","1888","0.701037671830919","1.6113848141452927","6.729594707489014","12.618678092956543","0.2692532539367676","18","0","4","9","12"
"S002","S002_T035","text","10_chars","93","55457","37","56","35569","19888","0.3978494623655914","596.3118279569892","1262.4343268641921","54","5726","0.10639921567773306","0.3148656379013563","2.0841898918151855","9.895127058029175","0.8108260631561279","91","2","4","57","44"
"S002","S002_T036","photo","1MB","62","66559","29","33","57974","8585","0.46774193548387094","1073.532258064516","3095.9462398315572","54","16460","0.20522914394255606","1.1719571681476322","9.283076763153076","12.724206924438477","0.6134657859802246","29","33","2","52","21"
"S002","S002_T037","text","1000_chars","64","28421","28","36","18969","9452","0.4375","444.078125","1045.2848341583667","54","7917","0.20819665491580963","0.6276912586088292","3.0848350524902344","13.324585914611816","0.8130671977996826","28","36","6","36","35"
"S002","S002_T038","text","10_chars","21","5187","10","11","4085","1102","0.47619047619047616","247.0","487.72406328246905","54","1975","0.27629545756748747","0.5806051500437075","2.3017799854278564","5.802204608917236","0.8094854354858398","21","0","3","13","16"
"S002","S002_T039","photo","1MB","1866","2083716","239","1627","69132","2014584","0.12808145766345122","1116.6752411575562","688.9786626884371","54","16460","0.007044403116036075","0.1521447575288269","5.545979976654053","13.144856214523315","1.3518011569976807","68","1798","5","1812","181"
"S002","S002_T040","text","1000_chars","131","113021","61","70","86741","26280","0.46564885496183206","862.7557251908397","3107.3471395506053","54","30164","0.09661510518488993","0.3743692530207886","2.354806423187256","12.656578779220581","0.9267175197601318","94","37","5","79","64"
"S002","S002_T041","text","1000_chars","56","27088","30","26","15443","11645","0.5357142857142857","483.7142857142857","1400.6738902895192","54","7917","0.2593813325677599","0.8078146204981967","4.928952693939209","14.525354623794556","0.36195802688598633","50","6","6","24","30"
"S002","S002_T042","text","1000_chars","44","22197","19","25","13009","9188","0.4318181818181818","504.47727272727275","1474.506226884049","54","7917","0.3035636273297397","0.9647740794345635","5.559159755706787","13.356799602508545","1.4048357009887695","42","2","5","24","30"
"S002","S002_T043","text","10_chars","79","26272","40","39","16207","10065","0.5063291139240507","332.55696202531647","481.3531756067681","54","1975","0.1775142633462254","0.5354845221284354","2.941037178039551","14.023626804351807","0.5301539897918701","44","35","6","33","50"
"S002","S002_T044","text","1_char","23","3436","11","12","2545","891","0.4782608695652174","149.3913043478261","365.2804448675655","54","1856","0.6040975943855618","1.4671169041624248","6.461735486984253","13.89424467086792","0.9100756645202637","23","0","4","7","18"
"S002","S002_T045","photo","100KB","38","58504","17","21","56965","1539","0.4473684210526316","1539.578947368421","4497.496921572796","54","16460","0.36494864288129303","1.25167248389284","7.404578924179077","13.868048429489136","0.6353597640991211","38","0","5","19","19"
"S002","S002_T046","text","1_char","98","31634","47","51","18926","12708","0.47959183673469385","322.7959183673469","459.20543531199075","54","1888","0.14186519506026288","0.5537539866292277","4.653753995895386","13.902789115905762","0.06515073776245117","54","44","7","72","64"
"S002","S002_T047","text","1_char","13","2770","6","7","2221","549","0.46153846153846156","213.07692307692307","480.1473269958938","54","1872","0.7990177227900579","1.4053210665149019","4.424533128738403","10.387230396270752","0.848912239074707","13","0","4","7","10"
"S002","S002_T048","text","1000_chars","18","10477","8","10","9702","775","0.4444444444444444","582.0555555555555","1801.0422745430933","54","7901","0.7651445335812039","1.6980506738761818","7.171304702758789","13.77260160446167","0.9375536441802979","18","0","5","8","12"
"S002","S002_T049","text","100_chars","17","3920","7","10","2985","935","0.4117647058823529","230.58823529411765","572.5740700939439","54","2509","0.6460156019996194","1.1022042969598274","3.690422773361206","10.98226523399353","0.9726395606994629","17","0","6","5","12"
"S002","S002_T050","photo","100KB","90","103988","34","56","90901","13087","0.37777777777777777","1155.4222222222222","3145.3036241983164","54","16460","0.13538658883836535","0.7076749047792709","6.439274311065674","12.18479299545288","1.319441318511963","88","2","4","67","34"
"S002","S002_T051","photo","1MB","23","44248","10","13","43291","957","0.43478260869565216","1923.8260869565217","4912.8315898902765","54","16460","0.45184003788491955","1.4081161609283546","6.879659414291382","10.39232087135315","0.6254129409790039","23","0","3","17","14"
"S002","S002_T052","text","100_chars","16","3770","8","8","2993","777","0.5","235.625","584.9107704385345","54","2493","0.8754272758960724","1.898344467811644","6.068708419799805","14.006836414337158","0.9617018699645996","16","0","4","9","14"
"S002","S002_T053","text","100_chars","19","5557","9","10","4782","775","0.47368421052631576","292.4736842105263","651.0906936923169","54","2493","0.539197419819079","0.9631836266469989","3.0029473304748535","10.2447509765625","0.48357200622558594","19","0","5","6","15"
"S002","S002_T054","text","1_char","18","3203","8","10","2409","794","0.4444444444444444","177.94444444444446","412.4977403604402","54","1872","0.7784616019990709","1.5097448041592745","4.863936185836792","14.012308835983276","0.6194400787353516","18","0","6","6","13"
"S002","S002_T055","text","1_char","86","11695","39","47","5735","5960","0.45348837209302323","135.98837209302326","209.48039227696873","54","1888","0.16076905228370844","0.49151371215749484","3.150735378265381","13.826138496398926","0.8394017219543457","86","0","6","46","62"
"S002","S002_T056","text","100_chars","19","4097","8","11","3134","963","0.42105263157894735","215.6315789473684","542.4116916266613","54","2510","0.4716171465421978","1.486909142857647","6.674618244171143","8.960725784301758","0.3197646141052246","19","0","3","14","13"
"S002","S002_T057","photo","1MB","67","67959","29","38","57139","10820","0.43283582089552236","1014.3134328358209","2985.612710980581","54","16460","0.12722414643017213","0.604505173205222","4.645586967468262","8.524017810821533","0.4804801940917969","28","39","4","60","28"
"S002","S002_T058","photo","1MB","55","56587","20","35","50066","6521","0.36363636363636365","1028.8545454545454","3285.906253397334","54","16460","0.25895987423983485","1.1101651962061152","7.8591790199279785","14.242793083190918","0.33867692947387695","35","20","5","42","24"
"S002","S002_T059","text","10_chars","31","4854","14","17","3181","1673","0.45161290322580644","156.58064516129033","331.84885543150017","54","1957","0.4429464570937618","1.3140774515799656","6.636235237121582","13.731340169906616","0.9369430541992188","31","0","5","17","25"
"S002","S002_T060","text","10_chars","69","28384","36","33","17235","11149","0.5217391304347826","411.3623188405797","531.3789545726655","54","1959","0.21387981677400894","0.5940593256826797","3.552492141723633","14.757707357406616","0.11410403251647949","29","40","6","39","34"
"S002","S002_IDLE_001","idle","15s","6","337","3","3","163","174","0.5","56.166666666666664","4.412734098291241","54","66","1.5573050578435261","2.4822423542919063","6.656157970428467","9.343830347061157","0.0","6","0","3","2","4"
"S002","S002_IDLE_002","idle","15s","9","628","5","4","340","288","0.5555555555555556","69.77777777777777","29.521283387405536","54","126","1.024099244011773","2.1079154668128317","6.6561055183410645","9.216893196105957","0.23165369033813477","9","0","3","5","7"
"S002","S002_IDLE_003","idle","15s","47","18347","21","26","9004","9343","0.44680851063829785","390.36170212765956","1044.999693078076","54","5726","0.2585327878911444","0.9864409029852372","6.65587592124939","12.151041030883789","0.3364551067352295","45","2","4","28","31"
"S002","S002_IDLE_004","idle","15s","16","2279","9","7","1434","845","0.5625","142.4375","203.03323888898095","54","885","0.5009908974170685","1.065978231436791","4.154501438140869","8.015854358673096","0.40992045402526855","16","0","4","5","12"
"S002","S002_IDLE_005","idle","15s","18","4794","12","6","4398","396","0.6666666666666666","266.3333333333333","437.4390116220647","54","1285","0.4411513540479872","1.0946340966077277","4.81648325920105","7.9407243728637695","0.5458505153656006","12","6","2","16","9"
"S002","S002_IDLE_006","idle","15s","8","432","4","4","216","216","0.5","54.0","0.0","54","54","0.9915847778320312","1.761383559432731","5.375884771347046","7.93267822265625","0.6546359062194824","8","0","3","4","7"
"S002","S002_IDLE_007","idle","15s","43","18427","22","21","10626","7801","0.5116279069767442","428.5348837209302","521.8640270574457","54","1292","0.23331743617390477","0.8822065430593605","5.3367249965667725","10.032649755477905","0.7553305625915527","11","32","4","32","22"
"S002","S002_IDLE_008","idle","15s","12","790","7","5","448","342","0.5833333333333334","65.83333333333333","26.46328693786083","54","126","0.9447489182154337","1.6707847922324686","5.375800609588623","11.336987018585205","0.8640673160552979","12","0","4","5","9"
"S002","S002_IDLE_009","idle","15s","9","633","5","4","417","216","0.5555555555555556","70.33333333333333","30.88329285840125","54","137","0.9472028679317899","1.754883943765708","5.375925302505493","8.524825811386108","0.9648268222808838","9","0","3","5","6"
"S002","S002_IDLE_010","idle","15s","12","999","6","6","468","531","0.5","83.25","44.27024019210498","54","189","1.108021080493927","2.001413706298582","5.3758697509765625","13.296252965927124","1.069594144821167","12","0","4","5","10"
"S002","S002_IDLE_011","idle","15s","16","1423","7","9","596","827","0.4375","88.9375","48.532809456593384","54","189","0.5648798048496246","1.028216280924123","3.309654712677002","9.038076877593994","1.1742725372314453","16","0","5","5","12"
"S002","S002_IDLE_012","idle","15s","10","682","5","5","340","342","0.5","68.2","28.4035209085071","54","126","0.8152826070785523","1.6980059256734257","5.375985145568848","8.152826070785522","1.2790265083312988","10","0","3","6","7"
"S002","S002_IDLE_013","idle","15s","14","4500","10","4","4284","216","0.7142857142857143","321.42857142857144","481.71193441215684","54","1285","0.7643603937966483","1.4608790355467214","5.371917963027954","10.701045513153076","1.3878214359283447","8","6","3","10","6"
"S002","S002_IDLE_014","idle","15s","13","1146","6","7","468","678","0.46153846153846156","88.15384615384616","63.47603564016673","54","282","0.6102178463569055","1.0772990135250173","3.0568790435791016","7.9328320026397705","1.4924287796020508","13","0","4","5","9"
"S002","S002_IDLE_015","idle","15s","12","1100","5","7","480","620","0.4166666666666667","91.66666666666667","53.4685785194341","54","175","1.0321653683980305","1.643837129422303","4.4329001903533936","12.385984420776367","1.5932183265686035","12","0","5","3","10"
"S002","S002_IDLE_016","idle","15s","188","67619","116","72","28080","39539","0.6170212765957447","359.6755319148936","439.66091387402963","54","2890","0.03580544984087031","0.22138415917112939","2.79870867729187","6.731424570083618","1.6980068683624268","180","8","3","174","115"
"S002","S002_IDLE_017","idle","15s","16","877","8","8","433","444","0.5","54.8125","2.8986796563263075","54","66","0.41604775190353394","0.7868786652263245","2.8710503578186035","6.656764030456543","1.8026857376098633","16","0","4","6","13"
"S002","S002_IDLE_018","idle","15s","21","2127","11","10","1227","900","0.5238095238095238","101.28571428571429","126.18397108120794","54","617","0.6097926639375233","1.4361514365450039","6.409053802490234","12.805645942687988","2.1674883365631104","21","0","5","7","18"
"S002","S002_IDLE_019","idle","15s","57","18783","28","29","10473","8310","0.49122807017543857","329.5263157894737","473.6382550807106","54","1292","0.24551083330522505","0.698321478417286","3.338590383529663","13.994117498397827","0.015261411666870117","23","34","7","36","30"
"S002","S002_IDLE_020","idle","15s","27","1530","14","13","756","774","0.5185185185185185","56.666666666666664","7.542472332656506","54","78","0.4170089297824436","1.062820446141562","4.7742486000061035","11.259241104125977","2.362565040588379","27","0","5","12","18"
